"Time (s)","Distance (cm)"
2.685058334E-2,5.000000000E0
1.408605127E2,5.000000000E0
1.410583931E2,5.000000000E0
3.178686414E2,0.000000000E0
3.179850666E2,5.000000000E0