"Time (s)","Distance (cm)"
2.485174999E-2,5.000000000E0
7.564673750E-1,0.000000000E0
8.895649167E-1,5.000000000E0
6.358308946E1,5.000000000E0