"Time (s)","Distance (cm)"
4.296543900E-2,5.000000000E0
