"Time (s)","Distance (cm)"
1.643458338E-3,5.000000000E0