"Time (s)","Distance (cm)"
4.431960200E-2,5.000000000E0
