"Time (s)","Distance (cm)"
3.861791687E-3,5.000000000E0