"Time (s)","Distance (cm)"
2.801510600E-2,5.000000000E0
