"Time (s)","Distance (cm)"
4.431614800E-2,5.000000000E0
