"Time (s)","Distance (cm)"
2.022333327E-3,5.000000000E0