"Time (s)","Distance (cm)"
2.624416666E-3,5.000000000E0
1.714056167E0,0.000000000E0
4.281108708E0,5.000000000E0