"Time (s)","Distance (cm)"
2.584670833E-2,5.000000000E0