"Time (s)","Distance (cm)"
2.472837499E-2,5.000000000E0