"Time (s)","Distance (cm)"
3.480374995E-3,5.000000000E0