"Time (s)","Distance (cm)"
2.718025001E-2,5.000000000E0