"Time (s)","Distance (cm)"
6.528422400E-2,5.000000000E0
