"Time (s)","Distance (cm)"
2.225133333E-2,5.000000000E0