"Time (s)","Distance (cm)"
2.151300001E-2,5.000000000E0