"Time (s)","Distance (cm)"
8.775416645E-4,5.000000000E0
1.038339492E1,0.000000000E0
1.316724750E1,5.000000000E0
6.109448767E1,0.000000000E0
6.657904292E1,5.000000000E0