"Time (s)","Distance (cm)"
6.680870400E-2,5.000000000E0
