"Time (s)","Distance (cm)"
6.617823300E-2,5.000000000E0
