"Time (s)","Distance (cm)"
4.379729500E-2,5.000000000E0
