"Time (s)","Distance (cm)"
5.427427800E-2,5.000000000E0
