"Time (s)","Distance (cm)"
4.855418200E-2,5.000000000E0
