"Time (s)","Distance (cm)"
5.325666658E-3,5.000000000E0