"Time (s)","Distance (cm)"
2.609591667E-2,5.000000000E0