"Time (s)","Distance (cm)"
2.140672200E-2,5.000000000E0
