"Time (s)","Distance (cm)"
4.941812800E-2,5.000000000E0
