"Time (s)","Distance (cm)"
6.083291664E-3,5.000000000E0