"Time (s)","Distance (cm)"
3.135666666E-3,5.000000000E0
1.746794587E1,0.000000000E0
1.871612583E1,5.000000000E0
1.971447183E1,0.000000000E0
6.980563400E2,5.000000000E0