"Time (s)","Distance (cm)"
2.692678600E-2,5.000000000E0
