"Time (s)","Distance (cm)"
1.177666672E-3,5.000000000E0
8.258920954E1,0.000000000E0
8.322174692E1,5.000000000E0
9.299738450E1,5.000000000E0