"Time (s)","Distance (cm)"
2.674875001E-2,5.000000000E0
3.936999998E-2,0.000000000E0
2.728457500E-1,5.000000000E0