"Time (s)","Distance (cm)"
5.750974900E-2,5.000000000E0
