"Time (s)","Distance (cm)"
5.463792700E-2,5.000000000E0
