"Time (s)","Distance (cm)"
5.473609600E-2,5.000000000E0
