"Time (s)","Distance (cm)"
3.993746800E-2,5.000000000E0
