"Time (s)","Distance (cm)"
2.004750015E-3,5.000000000E0