"Time (s)","Distance (cm)"
3.989046900E-2,5.000000000E0
