"Time (s)","Distance (cm)"
1.311374988E-3,5.000000000E0