"Time (s)","Distance (cm)"
3.225708337E-3,5.000000000E0