"Time (s)","Distance (cm)"
3.565865400E-2,5.000000000E0
7.125134225E2,5.000000000E0
