"Time (s)","Distance (cm)"
3.307428000E-2,5.000000000E0
