"Time (s)","Distance (cm)"
2.346666646E-3,5.000000000E0